4b303fc	-6.625899725447027	keep	Auto-experiment success
36c24a6	-0.9307086767941319	keep	Auto-experiment success
